,N,iter_lev,n_slices,seed,Null Image,Voronoi,Distances,Drawing,Saving
0,5000,3,4,76,False,1.093494176864624,0.04686403274536133,4.74888801574707,0.9529268741607666
1,5000,3,4,76,False,1.093494176864624,0.04686403274536133,4.74888801574707,0.9529268741607666
2,5000,3,4,76,False,1.093494176864624,0.04686403274536133,4.74888801574707,0.9529268741607666
3,5000,3,4,76,False,1.093494176864624,0.04686403274536133,4.74888801574707,0.9529268741607666
4,5000,3,4,76,False,1.093494176864624,0.04686403274536133,4.74888801574707,0.9529268741607666
5,5000,3,4,305,False,1.3595490455627441,0.2561914920806885,4.170352458953857,0.8591747283935547
6,5000,3,4,305,False,1.3595490455627441,0.2561914920806885,4.170352458953857,0.8591747283935547
7,5000,3,4,305,False,1.3595490455627441,0.2561914920806885,4.170352458953857,0.8591747283935547
8,5000,3,4,305,False,1.3595490455627441,0.2561914920806885,4.170352458953857,0.8591747283935547
9,5000,3,4,305,False,1.3595490455627441,0.2561914920806885,4.170352458953857,0.8591747283935547
10,5000,3,4,877,False,1.1338450908660889,0.07810831069946289,4.061550617218018,0.7185811996459961
11,5000,3,4,877,False,1.1338450908660889,0.07810831069946289,4.061550617218018,0.7185811996459961
12,5000,3,4,877,False,1.1338450908660889,0.07810831069946289,4.061550617218018,0.7185811996459961
13,5000,3,4,877,False,1.1338450908660889,0.07810831069946289,4.061550617218018,0.7185811996459961
14,5000,3,4,877,False,1.1338450908660889,0.07810831069946289,4.061550617218018,0.7185811996459961
15,5000,3,4,759,True,6.873387336730957,0.015621662139892578,0.07813572883605957,0.062486886978149414
16,5000,3,4,759,True,6.873387336730957,0.015621662139892578,0.07813572883605957,0.062486886978149414
17,5000,3,4,759,True,6.873387336730957,0.015621662139892578,0.07813572883605957,0.062486886978149414
18,5000,3,4,759,True,6.873387336730957,0.015621662139892578,0.07813572883605957,0.062486886978149414
19,5000,3,4,759,True,6.873387336730957,0.015621662139892578,0.07813572883605957,0.062486886978149414
20,5000,3,4,979,False,1.1247341632843018,0.04686427116394043,4.655161142349243,0.827930212020874
21,5000,3,4,979,False,1.1247341632843018,0.04686427116394043,4.655161142349243,0.827930212020874
22,5000,3,4,979,False,1.1247341632843018,0.04686427116394043,4.655161142349243,0.827930212020874
23,5000,3,4,979,False,1.1247341632843018,0.04686427116394043,4.655161142349243,0.827930212020874
24,5000,3,4,979,False,1.1247341632843018,0.04686427116394043,4.655161142349243,0.827930212020874
25,5000,3,4,45,False,0.8591728210449219,0.06248593330383301,4.446111440658569,0.8021633625030518
26,5000,3,4,45,False,0.8591728210449219,0.06248593330383301,4.446111440658569,0.8021633625030518
27,5000,3,4,45,False,0.8591728210449219,0.06248593330383301,4.446111440658569,0.8021633625030518
28,5000,3,4,45,False,0.8591728210449219,0.06248593330383301,4.446111440658569,0.8021633625030518
29,5000,3,4,45,False,0.8591728210449219,0.06248593330383301,4.446111440658569,0.8021633625030518
30,5000,3,4,15,False,1.0310041904449463,0.04686474800109863,3.9365768432617188,0.7966856956481934
31,5000,3,4,15,False,1.0310041904449463,0.04686474800109863,3.9365768432617188,0.7966856956481934
32,5000,3,4,15,False,1.0310041904449463,0.04686474800109863,3.9365768432617188,0.7966856956481934
33,5000,3,4,15,False,1.0310041904449463,0.04686474800109863,3.9365768432617188,0.7966856956481934
34,5000,3,4,15,False,1.0310041904449463,0.04686474800109863,3.9365768432617188,0.7966856956481934
35,5000,3,4,717,False,1.0778717994689941,0.04686427116394043,4.530190467834473,0.812307596206665
36,5000,3,4,717,False,1.0778717994689941,0.04686427116394043,4.530190467834473,0.812307596206665
37,5000,3,4,717,False,1.0778717994689941,0.04686427116394043,4.530190467834473,0.812307596206665
38,5000,3,4,717,False,1.0778717994689941,0.04686427116394043,4.530190467834473,0.812307596206665
39,5000,3,4,717,False,1.0778717994689941,0.04686427116394043,4.530190467834473,0.812307596206665
40,5000,3,4,950,False,0.8279309272766113,0.046864986419677734,4.045928478240967,0.7342016696929932
41,5000,3,4,950,False,0.8279309272766113,0.046864986419677734,4.045928478240967,0.7342016696929932
42,5000,3,4,950,False,0.8279309272766113,0.046864986419677734,4.045928478240967,0.7342016696929932
43,5000,3,4,950,False,0.8279309272766113,0.046864986419677734,4.045928478240967,0.7342016696929932
44,5000,3,4,950,False,0.8279309272766113,0.046864986419677734,4.045928478240967,0.7342016696929932
45,5000,3,4,194,False,1.155940055847168,0.04686427116394043,5.514335632324219,0.9685213565826416
46,5000,3,4,194,False,1.155940055847168,0.04686427116394043,5.514335632324219,0.9685213565826416
47,5000,3,4,194,False,1.155940055847168,0.04686427116394043,5.514335632324219,0.9685213565826416
48,5000,3,4,194,False,1.155940055847168,0.04686427116394043,5.514335632324219,0.9685213565826416
49,5000,3,4,194,False,1.155940055847168,0.04686427116394043,5.514335632324219,0.9685213565826416
50,10000,3,4,627,False,1.6558582782745361,0.12497162818908691,7.855743885040283,1.1728715896606445
51,10000,3,4,627,False,1.6558582782745361,0.12497162818908691,7.855743885040283,1.1728715896606445
52,10000,3,4,627,False,1.6558582782745361,0.12497162818908691,7.855743885040283,1.1728715896606445
53,10000,3,4,627,False,1.6558582782745361,0.12497162818908691,7.855743885040283,1.1728715896606445
54,10000,3,4,627,False,1.6558582782745361,0.12497162818908691,7.855743885040283,1.1728715896606445
55,10000,3,4,489,False,1.64418363571167,0.12497067451477051,8.044992446899414,1.2653276920318604
56,10000,3,4,489,False,1.64418363571167,0.12497067451477051,8.044992446899414,1.2653276920318604
57,10000,3,4,489,False,1.64418363571167,0.12497067451477051,8.044992446899414,1.2653276920318604
58,10000,3,4,489,False,1.64418363571167,0.12497067451477051,8.044992446899414,1.2653276920318604
59,10000,3,4,489,False,1.64418363571167,0.12497067451477051,8.044992446899414,1.2653276920318604
60,10000,3,4,51,False,2.108877658843994,0.10940051078796387,8.216826915740967,1.2497055530548096
61,10000,3,4,51,False,2.108877658843994,0.10940051078796387,8.216826915740967,1.2497055530548096
62,10000,3,4,51,False,2.108877658843994,0.10940051078796387,8.216826915740967,1.2497055530548096
63,10000,3,4,51,False,2.108877658843994,0.10940051078796387,8.216826915740967,1.2497055530548096
64,10000,3,4,51,False,2.108877658843994,0.10940051078796387,8.216826915740967,1.2497055530548096
65,10000,3,4,432,False,1.7183456420898438,0.10934996604919434,7.451381683349609,1.21846342086792
66,10000,3,4,432,False,1.7183456420898438,0.10934996604919434,7.451381683349609,1.21846342086792
67,10000,3,4,432,False,1.7183456420898438,0.10934996604919434,7.451381683349609,1.21846342086792
68,10000,3,4,432,False,1.7183456420898438,0.10934996604919434,7.451381683349609,1.21846342086792
69,10000,3,4,432,False,1.7183456420898438,0.10934996604919434,7.451381683349609,1.21846342086792
70,10000,3,4,746,False,1.6764683723449707,0.12501287460327148,8.072147130966187,1.4215404987335205
71,10000,3,4,746,False,1.6764683723449707,0.12501287460327148,8.072147130966187,1.4215404987335205
72,10000,3,4,746,False,1.6764683723449707,0.12501287460327148,8.072147130966187,1.4215404987335205
73,10000,3,4,746,False,1.6764683723449707,0.12501287460327148,8.072147130966187,1.4215404987335205
74,10000,3,4,746,False,1.6764683723449707,0.12501287460327148,8.072147130966187,1.4215404987335205
75,10000,3,4,453,False,1.9526636600494385,0.10934996604919434,7.972958564758301,1.2340850830078125
76,10000,3,4,453,False,1.9526636600494385,0.10934996604919434,7.972958564758301,1.2340850830078125
77,10000,3,4,453,False,1.9526636600494385,0.10934996604919434,7.972958564758301,1.2340850830078125
78,10000,3,4,453,False,1.9526636600494385,0.10934996604919434,7.972958564758301,1.2340850830078125
79,10000,3,4,453,False,1.9526636600494385,0.10934996604919434,7.972958564758301,1.2340850830078125
80,10000,3,4,859,True,2.8471407890319824,0.12497067451477051,4.634868383407593,0.8575494289398193
81,10000,3,4,859,True,2.8471407890319824,0.12497067451477051,4.634868383407593,0.8575494289398193
82,10000,3,4,859,True,2.8471407890319824,0.12497067451477051,4.634868383407593,0.8575494289398193
83,10000,3,4,859,True,2.8471407890319824,0.12497067451477051,4.634868383407593,0.8575494289398193
84,10000,3,4,859,True,2.8471407890319824,0.12497067451477051,4.634868383407593,0.8575494289398193
85,10000,3,4,446,False,1.6641652584075928,0.10935020446777344,7.445893049240112,1.2028422355651855
86,10000,3,4,446,False,1.6641652584075928,0.10935020446777344,7.445893049240112,1.2028422355651855
87,10000,3,4,446,False,1.6641652584075928,0.10935020446777344,7.445893049240112,1.2028422355651855
88,10000,3,4,446,False,1.6641652584075928,0.10935020446777344,7.445893049240112,1.2028422355651855
89,10000,3,4,446,False,1.6641652584075928,0.10935020446777344,7.445893049240112,1.2028422355651855
90,10000,3,4,705,False,1.5777885913848877,0.1093142032623291,8.452770471572876,1.3213474750518799
91,10000,3,4,705,False,1.5777885913848877,0.1093142032623291,8.452770471572876,1.3213474750518799
92,10000,3,4,705,False,1.5777885913848877,0.1093142032623291,8.452770471572876,1.3213474750518799
93,10000,3,4,705,False,1.5777885913848877,0.1093142032623291,8.452770471572876,1.3213474750518799
94,10000,3,4,705,False,1.5777885913848877,0.1093142032623291,8.452770471572876,1.3213474750518799
95,10000,3,4,18,False,2.0478591918945312,0.13306307792663574,7.6946375370025635,1.1976299285888672
96,10000,3,4,18,False,2.0478591918945312,0.13306307792663574,7.6946375370025635,1.1976299285888672
97,10000,3,4,18,False,2.0478591918945312,0.13306307792663574,7.6946375370025635,1.1976299285888672
98,10000,3,4,18,False,2.0478591918945312,0.13306307792663574,7.6946375370025635,1.1976299285888672
99,10000,3,4,18,False,2.0478591918945312,0.13306307792663574,7.6946375370025635,1.1976299285888672
100,15000,3,4,522,False,2.5981030464172363,0.1874551773071289,12.139482021331787,1.5465137958526611
101,15000,3,4,522,False,2.5981030464172363,0.1874551773071289,12.139482021331787,1.5465137958526611
102,15000,3,4,522,False,2.5981030464172363,0.1874551773071289,12.139482021331787,1.5465137958526611
103,15000,3,4,522,False,2.5981030464172363,0.1874551773071289,12.139482021331787,1.5465137958526611
104,15000,3,4,522,False,2.5981030464172363,0.1874551773071289,12.139482021331787,1.5465137958526611
105,15000,3,4,825,False,2.6868677139282227,0.18745660781860352,11.919086456298828,1.7027225494384766
106,15000,3,4,825,False,2.6868677139282227,0.18745660781860352,11.919086456298828,1.7027225494384766
107,15000,3,4,825,False,2.6868677139282227,0.18745660781860352,11.919086456298828,1.7027225494384766
108,15000,3,4,825,False,2.6868677139282227,0.18745660781860352,11.919086456298828,1.7027225494384766
109,15000,3,4,825,False,2.6868677139282227,0.18745660781860352,11.919086456298828,1.7027225494384766
110,15000,3,4,165,False,2.6400070190429688,0.18745636940002441,10.506656885147095,1.5670435428619385
111,15000,3,4,165,False,2.6400070190429688,0.18745636940002441,10.506656885147095,1.5670435428619385
112,15000,3,4,165,False,2.6400070190429688,0.18745636940002441,10.506656885147095,1.5670435428619385
113,15000,3,4,165,False,2.6400070190429688,0.18745636940002441,10.506656885147095,1.5670435428619385
114,15000,3,4,165,False,2.6400070190429688,0.18745636940002441,10.506656885147095,1.5670435428619385
115,15000,3,4,362,False,2.5513248443603516,0.18745756149291992,10.663022994995117,1.5205483436584473
116,15000,3,4,362,False,2.5513248443603516,0.18745756149291992,10.663022994995117,1.5205483436584473
117,15000,3,4,362,False,2.5513248443603516,0.18745756149291992,10.663022994995117,1.5205483436584473
118,15000,3,4,362,False,2.5513248443603516,0.18745756149291992,10.663022994995117,1.5205483436584473
119,15000,3,4,362,False,2.5513248443603516,0.18745756149291992,10.663022994995117,1.5205483436584473
120,15000,3,4,290,False,2.551316022872925,0.17183351516723633,10.764352798461914,1.4996452331542969
121,15000,3,4,290,False,2.551316022872925,0.17183351516723633,10.764352798461914,1.4996452331542969
122,15000,3,4,290,False,2.551316022872925,0.17183351516723633,10.764352798461914,1.4996452331542969
123,15000,3,4,290,False,2.551316022872925,0.17183351516723633,10.764352798461914,1.4996452331542969
124,15000,3,4,290,False,2.551316022872925,0.17183351516723633,10.764352798461914,1.4996452331542969
125,15000,3,4,570,False,2.577516555786133,0.17186975479125977,11.262990951538086,1.5980322360992432
126,15000,3,4,570,False,2.577516555786133,0.17186975479125977,11.262990951538086,1.5980322360992432
127,15000,3,4,570,False,2.577516555786133,0.17186975479125977,11.262990951538086,1.5980322360992432
128,15000,3,4,570,False,2.577516555786133,0.17186975479125977,11.262990951538086,1.5980322360992432
129,15000,3,4,570,False,2.577516555786133,0.17186975479125977,11.262990951538086,1.5980322360992432
130,15000,3,4,622,False,2.644805908203125,0.17183566093444824,10.543659448623657,1.5255670547485352
131,15000,3,4,622,False,2.644805908203125,0.17183566093444824,10.543659448623657,1.5255670547485352
132,15000,3,4,622,False,2.644805908203125,0.17183566093444824,10.543659448623657,1.5255670547485352
133,15000,3,4,622,False,2.644805908203125,0.17183566093444824,10.543659448623657,1.5255670547485352
134,15000,3,4,622,False,2.644805908203125,0.17183566093444824,10.543659448623657,1.5255670547485352
135,15000,3,4,930,False,2.764582395553589,0.1874558925628662,11.782424211502075,1.6513779163360596
136,15000,3,4,930,False,2.764582395553589,0.1874558925628662,11.782424211502075,1.6513779163360596
137,15000,3,4,930,False,2.764582395553589,0.1874558925628662,11.782424211502075,1.6513779163360596
138,15000,3,4,930,False,2.764582395553589,0.1874558925628662,11.782424211502075,1.6513779163360596
139,15000,3,4,930,False,2.764582395553589,0.1874558925628662,11.782424211502075,1.6513779163360596
140,15000,3,4,982,False,2.626821279525757,0.17183470726013184,10.39741563796997,1.53574800491333
141,15000,3,4,982,False,2.626821279525757,0.17183470726013184,10.39741563796997,1.53574800491333
142,15000,3,4,982,False,2.626821279525757,0.17183470726013184,10.39741563796997,1.53574800491333
143,15000,3,4,982,False,2.626821279525757,0.17183470726013184,10.39741563796997,1.53574800491333
144,15000,3,4,982,False,2.626821279525757,0.17183470726013184,10.39741563796997,1.53574800491333
145,15000,3,4,946,False,2.5511929988861084,0.17183494567871094,10.803914785385132,1.5670697689056396
146,15000,3,4,946,False,2.5511929988861084,0.17183494567871094,10.803914785385132,1.5670697689056396
147,15000,3,4,946,False,2.5511929988861084,0.17183494567871094,10.803914785385132,1.5670697689056396
148,15000,3,4,946,False,2.5511929988861084,0.17183494567871094,10.803914785385132,1.5670697689056396
149,15000,3,4,946,False,2.5511929988861084,0.17183494567871094,10.803914785385132,1.5670697689056396
150,20000,3,4,457,True,5.4825944900512695,0.24996471405029297,5.5758068561553955,0.9319510459899902
151,20000,3,4,457,True,5.4825944900512695,0.24996471405029297,5.5758068561553955,0.9319510459899902
152,20000,3,4,457,True,5.4825944900512695,0.24996471405029297,5.5758068561553955,0.9319510459899902
153,20000,3,4,457,True,5.4825944900512695,0.24996471405029297,5.5758068561553955,0.9319510459899902
154,20000,3,4,457,True,5.4825944900512695,0.24996471405029297,5.5758068561553955,0.9319510459899902
155,20000,3,4,799,False,3.8112778663635254,0.26027631759643555,13.479645252227783,1.8326148986816406
156,20000,3,4,799,False,3.8112778663635254,0.26027631759643555,13.479645252227783,1.8326148986816406
157,20000,3,4,799,False,3.8112778663635254,0.26027631759643555,13.479645252227783,1.8326148986816406
158,20000,3,4,799,False,3.8112778663635254,0.26027631759643555,13.479645252227783,1.8326148986816406
159,20000,3,4,799,False,3.8112778663635254,0.26027631759643555,13.479645252227783,1.8326148986816406
160,20000,3,4,209,False,3.889840602874756,0.2599499225616455,14.146243572235107,1.8848381042480469
161,20000,3,4,209,False,3.889840602874756,0.2599499225616455,14.146243572235107,1.8848381042480469
162,20000,3,4,209,False,3.889840602874756,0.2599499225616455,14.146243572235107,1.8848381042480469
163,20000,3,4,209,False,3.889840602874756,0.2599499225616455,14.146243572235107,1.8848381042480469
164,20000,3,4,209,False,3.889840602874756,0.2599499225616455,14.146243572235107,1.8848381042480469
165,20000,3,4,986,False,3.998216390609741,0.24994206428527832,14.54742431640625,1.9576711654663086
166,20000,3,4,986,False,3.998216390609741,0.24994206428527832,14.54742431640625,1.9576711654663086
167,20000,3,4,986,False,3.998216390609741,0.24994206428527832,14.54742431640625,1.9576711654663086
168,20000,3,4,986,False,3.998216390609741,0.24994206428527832,14.54742431640625,1.9576711654663086
169,20000,3,4,986,False,3.998216390609741,0.24994206428527832,14.54742431640625,1.9576711654663086
170,20000,3,4,913,False,3.0770792961120605,0.2655618190765381,13.640897750854492,1.8326046466827393
171,20000,3,4,913,False,3.0770792961120605,0.2655618190765381,13.640897750854492,1.8326046466827393
172,20000,3,4,913,False,3.0770792961120605,0.2655618190765381,13.640897750854492,1.8326046466827393
173,20000,3,4,913,False,3.0770792961120605,0.2655618190765381,13.640897750854492,1.8326046466827393
174,20000,3,4,913,False,3.0770792961120605,0.2655618190765381,13.640897750854492,1.8326046466827393
175,20000,3,4,255,False,3.2489566802978516,0.2655632495880127,13.922510147094727,2.113816738128662
176,20000,3,4,255,False,3.2489566802978516,0.2655632495880127,13.922510147094727,2.113816738128662
177,20000,3,4,255,False,3.2489566802978516,0.2655632495880127,13.922510147094727,2.113816738128662
178,20000,3,4,255,False,3.2489566802978516,0.2655632495880127,13.922510147094727,2.113816738128662
179,20000,3,4,255,False,3.2489566802978516,0.2655632495880127,13.922510147094727,2.113816738128662
180,20000,3,4,899,False,3.863560914993286,0.26552844047546387,12.808784008026123,1.83262038230896
181,20000,3,4,899,False,3.863560914993286,0.26552844047546387,12.808784008026123,1.83262038230896
182,20000,3,4,899,False,3.863560914993286,0.26552844047546387,12.808784008026123,1.83262038230896
183,20000,3,4,899,False,3.863560914993286,0.26552844047546387,12.808784008026123,1.83262038230896
184,20000,3,4,899,False,3.863560914993286,0.26552844047546387,12.808784008026123,1.83262038230896
185,20000,3,4,235,False,3.108381986618042,0.265561580657959,13.443381309509277,1.8223347663879395
186,20000,3,4,235,False,3.108381986618042,0.265561580657959,13.443381309509277,1.8223347663879395
187,20000,3,4,235,False,3.108381986618042,0.265561580657959,13.443381309509277,1.8223347663879395
188,20000,3,4,235,False,3.108381986618042,0.265561580657959,13.443381309509277,1.8223347663879395
189,20000,3,4,235,False,3.108381986618042,0.265561580657959,13.443381309509277,1.8223347663879395
190,20000,3,4,632,False,3.290595293045044,0.2499065399169922,12.896682024002075,1.7286889553070068
191,20000,3,4,632,False,3.290595293045044,0.2499065399169922,12.896682024002075,1.7286889553070068
192,20000,3,4,632,False,3.290595293045044,0.2499065399169922,12.896682024002075,1.7286889553070068
193,20000,3,4,632,False,3.290595293045044,0.2499065399169922,12.896682024002075,1.7286889553070068
194,20000,3,4,632,False,3.290595293045044,0.2499065399169922,12.896682024002075,1.7286889553070068
195,20000,3,4,778,False,4.071504354476929,0.26022791862487793,18.31838345527649,2.358790159225464
196,20000,3,4,778,False,4.071504354476929,0.26022791862487793,18.31838345527649,2.358790159225464
197,20000,3,4,778,False,4.071504354476929,0.26022791862487793,18.31838345527649,2.358790159225464
198,20000,3,4,778,False,4.071504354476929,0.26022791862487793,18.31838345527649,2.358790159225464
199,20000,3,4,778,False,4.071504354476929,0.26022791862487793,18.31838345527649,2.358790159225464
200,25000,3,4,764,False,4.509191513061523,0.3280487060546875,17.749366283416748,2.301222324371338
201,25000,3,4,764,False,4.509191513061523,0.3280487060546875,17.749366283416748,2.301222324371338
202,25000,3,4,764,False,4.509191513061523,0.3280487060546875,17.749366283416748,2.301222324371338
203,25000,3,4,764,False,4.509191513061523,0.3280487060546875,17.749366283416748,2.301222324371338
204,25000,3,4,764,False,4.509191513061523,0.3280487060546875,17.749366283416748,2.301222324371338
205,25000,3,4,436,False,4.384049892425537,0.34366917610168457,17.959068298339844,2.3221163749694824
206,25000,3,4,436,False,4.384049892425537,0.34366917610168457,17.959068298339844,2.3221163749694824
207,25000,3,4,436,False,4.384049892425537,0.34366917610168457,17.959068298339844,2.3221163749694824
208,25000,3,4,436,False,4.384049892425537,0.34366917610168457,17.959068298339844,2.3221163749694824
209,25000,3,4,436,False,4.384049892425537,0.34366917610168457,17.959068298339844,2.3221163749694824
210,25000,3,4,666,False,4.503387689590454,0.3436706066131592,16.500014066696167,2.082674741744995
211,25000,3,4,666,False,4.503387689590454,0.3436706066131592,16.500014066696167,2.082674741744995
212,25000,3,4,666,False,4.503387689590454,0.3436706066131592,16.500014066696167,2.082674741744995
213,25000,3,4,666,False,4.503387689590454,0.3436706066131592,16.500014066696167,2.082674741744995
214,25000,3,4,666,False,4.503387689590454,0.3436706066131592,16.500014066696167,2.082674741744995
215,25000,3,4,520,False,4.774502754211426,0.3383195400238037,21.992850065231323,2.879289150238037
216,25000,3,4,520,False,4.774502754211426,0.3383195400238037,21.992850065231323,2.879289150238037
217,25000,3,4,520,False,4.774502754211426,0.3383195400238037,21.992850065231323,2.879289150238037
218,25000,3,4,520,False,4.774502754211426,0.3383195400238037,21.992850065231323,2.879289150238037
219,25000,3,4,520,False,4.774502754211426,0.3383195400238037,21.992850065231323,2.879289150238037
220,25000,3,4,128,False,4.503625869750977,0.3124270439147949,16.895378351211548,2.191891670227051
221,25000,3,4,128,False,4.503625869750977,0.3124270439147949,16.895378351211548,2.191891670227051
222,25000,3,4,128,False,4.503625869750977,0.3124270439147949,16.895378351211548,2.191891670227051
223,25000,3,4,128,False,4.503625869750977,0.3124270439147949,16.895378351211548,2.191891670227051
224,25000,3,4,128,False,4.503625869750977,0.3124270439147949,16.895378351211548,2.191891670227051
225,25000,3,4,479,False,4.602654695510864,0.3383204936981201,17.103291749954224,2.1451053619384766
226,25000,3,4,479,False,4.602654695510864,0.3383204936981201,17.103291749954224,2.1451053619384766
227,25000,3,4,479,False,4.602654695510864,0.3383204936981201,17.103291749954224,2.1451053619384766
228,25000,3,4,479,False,4.602654695510864,0.3383204936981201,17.103291749954224,2.1451053619384766
229,25000,3,4,479,False,4.602654695510864,0.3383204936981201,17.103291749954224,2.1451053619384766
230,25000,3,4,36,False,4.39973258972168,0.3280479907989502,16.855098009109497,2.2026069164276123
231,25000,3,4,36,False,4.39973258972168,0.3280479907989502,16.855098009109497,2.2026069164276123
232,25000,3,4,36,False,4.39973258972168,0.3280479907989502,16.855098009109497,2.2026069164276123
233,25000,3,4,36,False,4.39973258972168,0.3280479907989502,16.855098009109497,2.2026069164276123
234,25000,3,4,36,False,4.39973258972168,0.3280479907989502,16.855098009109497,2.2026069164276123
235,25000,3,4,840,False,4.452079772949219,0.34366941452026367,15.401182651519775,2.0357589721679688
236,25000,3,4,840,False,4.452079772949219,0.34366941452026367,15.401182651519775,2.0357589721679688
237,25000,3,4,840,False,4.452079772949219,0.34366941452026367,15.401182651519775,2.0357589721679688
238,25000,3,4,840,False,4.452079772949219,0.34366941452026367,15.401182651519775,2.0357589721679688
239,25000,3,4,840,False,4.452079772949219,0.34366941452026367,15.401182651519775,2.0357589721679688
240,25000,3,4,4,False,4.618384838104248,0.33829522132873535,18.084046602249146,2.290837526321411
241,25000,3,4,4,False,4.618384838104248,0.33829522132873535,18.084046602249146,2.290837526321411
242,25000,3,4,4,False,4.618384838104248,0.33829522132873535,18.084046602249146,2.290837526321411
243,25000,3,4,4,False,4.618384838104248,0.33829522132873535,18.084046602249146,2.290837526321411
244,25000,3,4,4,False,4.618384838104248,0.33829522132873535,18.084046602249146,2.290837526321411
245,25000,3,4,211,False,4.373974084854126,0.3124268054962158,16.957834005355835,2.1191773414611816
246,25000,3,4,211,False,4.373974084854126,0.3124268054962158,16.957834005355835,2.1191773414611816
247,25000,3,4,211,False,4.373974084854126,0.3124268054962158,16.957834005355835,2.1191773414611816
248,25000,3,4,211,False,4.373974084854126,0.3124268054962158,16.957834005355835,2.1191773414611816
249,25000,3,4,211,False,4.373974084854126,0.3124268054962158,16.957834005355835,2.1191773414611816
250,30000,3,4,774,False,4.899837493896484,0.4061548709869385,21.264602661132812,2.4994125366210938
251,30000,3,4,774,False,4.899837493896484,0.4061548709869385,21.264602661132812,2.4994125366210938
252,30000,3,4,774,False,4.899837493896484,0.4061548709869385,21.264602661132812,2.4994125366210938
253,30000,3,4,774,False,4.899837493896484,0.4061548709869385,21.264602661132812,2.4994125366210938
254,30000,3,4,774,False,4.899837493896484,0.4061548709869385,21.264602661132812,2.4994125366210938
255,30000,3,4,547,False,5.186284065246582,0.4061553478240967,18.89990520477295,2.3325281143188477
256,30000,3,4,547,False,5.186284065246582,0.4061553478240967,18.89990520477295,2.3325281143188477
257,30000,3,4,547,False,5.186284065246582,0.4061553478240967,18.89990520477295,2.3325281143188477
258,30000,3,4,547,False,5.186284065246582,0.4061553478240967,18.89990520477295,2.3325281143188477
259,30000,3,4,547,False,5.186284065246582,0.4061553478240967,18.89990520477295,2.3325281143188477
260,30000,3,4,462,False,5.050395488739014,0.42177772521972656,21.26381778717041,2.920841932296753
261,30000,3,4,462,False,5.050395488739014,0.42177772521972656,21.26381778717041,2.920841932296753
262,30000,3,4,462,False,5.050395488739014,0.42177772521972656,21.26381778717041,2.920841932296753
263,30000,3,4,462,False,5.050395488739014,0.42177772521972656,21.26381778717041,2.920841932296753
264,30000,3,4,462,False,5.050395488739014,0.42177772521972656,21.26381778717041,2.920841932296753
265,30000,3,4,630,False,5.37831449508667,0.43739771842956543,20.030908584594727,2.4056859016418457
266,30000,3,4,630,False,5.37831449508667,0.43739771842956543,20.030908584594727,2.4056859016418457
267,30000,3,4,630,False,5.37831449508667,0.43739771842956543,20.030908584594727,2.4056859016418457
268,30000,3,4,630,False,5.37831449508667,0.43739771842956543,20.030908584594727,2.4056859016418457
269,30000,3,4,630,False,5.37831449508667,0.43739771842956543,20.030908584594727,2.4056859016418457
270,30000,3,4,553,False,5.014449596405029,0.42177605628967285,20.489861726760864,2.889976739883423
271,30000,3,4,553,False,5.014449596405029,0.42177605628967285,20.489861726760864,2.889976739883423
272,30000,3,4,553,False,5.014449596405029,0.42177605628967285,20.489861726760864,2.889976739883423
273,30000,3,4,553,False,5.014449596405029,0.42177605628967285,20.489861726760864,2.889976739883423
274,30000,3,4,553,False,5.014449596405029,0.42177605628967285,20.489861726760864,2.889976739883423
275,30000,3,4,869,False,4.998828649520874,0.3905332088470459,19.29033327102661,2.738748073577881
276,30000,3,4,869,False,4.998828649520874,0.3905332088470459,19.29033327102661,2.738748073577881
277,30000,3,4,869,False,4.998828649520874,0.3905332088470459,19.29033327102661,2.738748073577881
278,30000,3,4,869,False,4.998828649520874,0.3905332088470459,19.29033327102661,2.738748073577881
279,30000,3,4,869,False,4.998828649520874,0.3905332088470459,19.29033327102661,2.738748073577881
280,30000,3,4,235,False,4.972296476364136,0.4218151569366455,19.41553783416748,2.4262659549713135
281,30000,3,4,235,False,4.972296476364136,0.4218151569366455,19.41553783416748,2.4262659549713135
282,30000,3,4,235,False,4.972296476364136,0.4218151569366455,19.41553783416748,2.4262659549713135
283,30000,3,4,235,False,4.972296476364136,0.4218151569366455,19.41553783416748,2.4262659549713135
284,30000,3,4,235,False,4.972296476364136,0.4218151569366455,19.41553783416748,2.4262659549713135
285,30000,3,4,967,False,4.977638006210327,0.3905315399169922,20.32197856903076,2.5150346755981445
286,30000,3,4,967,False,4.977638006210327,0.3905315399169922,20.32197856903076,2.5150346755981445
287,30000,3,4,967,False,4.977638006210327,0.3905315399169922,20.32197856903076,2.5150346755981445
288,30000,3,4,967,False,4.977638006210327,0.3905315399169922,20.32197856903076,2.5150346755981445
289,30000,3,4,967,False,4.977638006210327,0.3905315399169922,20.32197856903076,2.5150346755981445
290,30000,3,4,803,False,4.998825788497925,0.3905332088470459,21.617533683776855,2.5824344158172607
291,30000,3,4,803,False,4.998825788497925,0.3905332088470459,21.617533683776855,2.5824344158172607
292,30000,3,4,803,False,4.998825788497925,0.3905332088470459,21.617533683776855,2.5824344158172607
293,30000,3,4,803,False,4.998825788497925,0.3905332088470459,21.617533683776855,2.5824344158172607
294,30000,3,4,803,False,4.998825788497925,0.3905332088470459,21.617533683776855,2.5824344158172607
295,30000,3,4,342,False,6.622945070266724,0.4164724349975586,28.913025379180908,3.1708879470825195
296,30000,3,4,342,False,6.622945070266724,0.4164724349975586,28.913025379180908,3.1708879470825195
297,30000,3,4,342,False,6.622945070266724,0.4164724349975586,28.913025379180908,3.1708879470825195
298,30000,3,4,342,False,6.622945070266724,0.4164724349975586,28.913025379180908,3.1708879470825195
299,30000,3,4,342,False,6.622945070266724,0.4164724349975586,28.913025379180908,3.1708879470825195
